country_code,year,country_name,dengue_cases
ABW,2000,ARUBA,76.0
ABW,2002,ARUBA,25.0
ABW,2004,ARUBA,173.0
ABW,2006,ARUBA,5.0
ABW,2009,ARUBA,845.0
ABW,2010,ARUBA,1700.0
ABW,2011,ARUBA,3025.0
ABW,2013,ARUBA,528.0
ABW,2014,ARUBA,400.0
ABW,2015,ARUBA,335.0
ABW,2016,ARUBA,1319.0
ABW,2017,ARUBA,1734.0
ABW,2018,ARUBA,9.0
ABW,2019,ARUBA,106.0
ABW,2020,ARUBA,11.0
ABW,2021,ARUBA,4.0
ABW,2022,ARUBA,11.0
ABW,2023,ARUBA,22.0
ABW,2024,ARUBA,88.0
AFG,2021,AFGHANISTAN,734.0
AFG,2022,AFGHANISTAN,1341.0
AFG,2023,AFGHANISTAN,1481.0
AFG,2024,AFGHANISTAN,4850.0
AFG,2025,AFGHANISTAN,115.0
AGO,2024,ANGOLA,86.0
AGO,2025,ANGOLA,60.0
AIA,2000,ANGUILLA,3.0
AIA,2001,ANGUILLA,25.0
AIA,2002,ANGUILLA,5.0
AIA,2003,ANGUILLA,2.0
AIA,2008,ANGUILLA,7.0
AIA,2010,ANGUILLA,1.0
AIA,2011,ANGUILLA,9.0
AIA,2012,ANGUILLA,7.0
AIA,2013,ANGUILLA,8.0
AIA,2014,ANGUILLA,86.0
AIA,2015,ANGUILLA,8.0
AIA,2016,ANGUILLA,50.0
AIA,2017,ANGUILLA,22.0
AIA,2018,ANGUILLA,1.0
AIA,2019,ANGUILLA,6.0
AIA,2020,ANGUILLA,6.0
AIA,2023,ANGUILLA,1.0
AIA,2024,ANGUILLA,5.0
ARG,2000,ARGENTINA,1700.0
ARG,2001,ARGENTINA,11.0
ARG,2002,ARGENTINA,214.0
ARG,2003,ARGENTINA,135.0
ARG,2004,ARGENTINA,3284.0
ARG,2005,ARGENTINA,34.0
ARG,2006,ARGENTINA,181.0
ARG,2007,ARGENTINA,173.0
ARG,2008,ARGENTINA,40.0
ARG,2009,ARGENTINA,26606.0
ARG,2010,ARGENTINA,1185.0
ARG,2011,ARGENTINA,213.0
ARG,2012,ARGENTINA,2803.0
ARG,2013,ARGENTINA,9294.0
ARG,2014,ARGENTINA,3270.0
ARG,2015,ARGENTINA,4774.0
ARG,2016,ARGENTINA,79455.0
ARG,2017,ARGENTINA,557.0
ARG,2018,ARGENTINA,1834.0
ARG,2019,ARGENTINA,3283.0
ARG,2020,ARGENTINA,59358.0
ARG,2021,ARGENTINA,3972.0
ARG,2022,ARGENTINA,841.0
ARG,2023,ARGENTINA,152025.0
ARG,2024,ARGENTINA,581559.0
ASM,2001,AMERICAN SAMOA,500.0
ASM,2002,AMERICAN SAMOA,1185.0
ASM,2006,AMERICAN SAMOA,53.0
ASM,2007,AMERICAN SAMOA,126.0
ASM,2008,AMERICAN SAMOA,649.0
ASM,2009,AMERICAN SAMOA,419.0
ASM,2010,AMERICAN SAMOA,51.0
ASM,2015,AMERICAN SAMOA,479.0
ASM,2017,AMERICAN SAMOA,111.0
ASM,2019,AMERICAN SAMOA,4.0
ATG,2000,ANTIGUA AND BARBUDA,8.0
ATG,2001,ANTIGUA AND BARBUDA,20.0
ATG,2002,ANTIGUA AND BARBUDA,5.0
ATG,2008,ANTIGUA AND BARBUDA,17.0
ATG,2009,ANTIGUA AND BARBUDA,2.0
ATG,2010,ANTIGUA AND BARBUDA,3.0
ATG,2011,ANTIGUA AND BARBUDA,7.0
ATG,2012,ANTIGUA AND BARBUDA,10.0
ATG,2013,ANTIGUA AND BARBUDA,3.0
ATG,2014,ANTIGUA AND BARBUDA,37.0
ATG,2015,ANTIGUA AND BARBUDA,14.0
ATG,2016,ANTIGUA AND BARBUDA,103.0
ATG,2017,ANTIGUA AND BARBUDA,1.0
ATG,2018,ANTIGUA AND BARBUDA,8.0
ATG,2019,ANTIGUA AND BARBUDA,1223.0
ATG,2020,ANTIGUA AND BARBUDA,407.0
ATG,2021,ANTIGUA AND BARBUDA,46.0
ATG,2022,ANTIGUA AND BARBUDA,48.0
ATG,2023,ANTIGUA AND BARBUDA,272.0
ATG,2024,ANTIGUA AND BARBUDA,169.0
AUS,2000,AUSTRALIA,217.0
AUS,2001,AUSTRALIA,183.0
AUS,2002,AUSTRALIA,224.0
AUS,2003,AUSTRALIA,868.0
AUS,2004,AUSTRALIA,356.0
AUS,2005,AUSTRALIA,219.0
AUS,2006,AUSTRALIA,188.0
AUS,2007,AUSTRALIA,316.0
AUS,2008,AUSTRALIA,557.0
AUS,2009,AUSTRALIA,1404.0
AUS,2010,AUSTRALIA,1228.0
AUS,2011,AUSTRALIA,821.0
AUS,2012,AUSTRALIA,1539.0
AUS,2013,AUSTRALIA,1841.0
AUS,2014,AUSTRALIA,1721.0
AUS,2015,AUSTRALIA,1716.0
AUS,2016,AUSTRALIA,2239.0
AUS,2017,AUSTRALIA,1135.0
AUS,2018,AUSTRALIA,933.0
AUS,2019,AUSTRALIA,1469.0
AUS,2020,AUSTRALIA,224.0
AUS,2021,AUSTRALIA,11.0
AUS,2022,AUSTRALIA,535.0
AUS,2023,AUSTRALIA,1119.0
AUS,2024,AUSTRALIA,2372.0
AUS,2025,AUSTRALIA,681.0
BEN,2024,BENIN,41.0
BEN,2025,BENIN,4.0
BES,2010,"BONAIRE, SAINT EUSTATIUS AND SABA",166.0
BES,2011,"BONAIRE, SAINT EUSTATIUS AND SABA",939.0
BES,2012,"BONAIRE, SAINT EUSTATIUS AND SABA",121.0
BES,2013,"BONAIRE, SAINT EUSTATIUS AND SABA",444.0
BES,2023,"BONAIRE, SAINT EUSTATIUS AND SABA",10.0
BES,2024,"BONAIRE, SAINT EUSTATIUS AND SABA",207.0
BFA,2024,BURKINA FASO,73808.0
BFA,2025,BURKINA FASO,8915.0
BGD,2000,BANGLADESH,5551.0
BGD,2001,BANGLADESH,2430.0
BGD,2002,BANGLADESH,6132.0
BGD,2003,BANGLADESH,486.0
BGD,2004,BANGLADESH,3934.0
BGD,2005,BANGLADESH,1048.0
BGD,2006,BANGLADESH,2200.0
BGD,2007,BANGLADESH,466.0
BGD,2008,BANGLADESH,1153.0
BGD,2009,BANGLADESH,474.0
BGD,2010,BANGLADESH,409.0
BGD,2011,BANGLADESH,1359.0
BGD,2012,BANGLADESH,671.0
BGD,2013,BANGLADESH,1749.0
BGD,2014,BANGLADESH,375.0
BGD,2015,BANGLADESH,3162.0
BGD,2016,BANGLADESH,6060.0
BGD,2017,BANGLADESH,2769.0
BGD,2018,BANGLADESH,10148.0
BGD,2019,BANGLADESH,104954.0
BGD,2020,BANGLADESH,1405.0
BGD,2021,BANGLADESH,26151.0
BGD,2022,BANGLADESH,62408.0
BGD,2023,BANGLADESH,321138.0
BGD,2024,BANGLADESH,101214.0
BGD,2025,BANGLADESH,1871.0
BHS,2003,BAHAMAS,180.0
BHS,2004,BAHAMAS,1.0
BHS,2006,BAHAMAS,1.0
BHS,2008,BAHAMAS,1.0
BHS,2009,BAHAMAS,1.0
BHS,2010,BAHAMAS,10.0
BHS,2011,BAHAMAS,6997.0
BHS,2012,BAHAMAS,3.0
BHS,2013,BAHAMAS,3.0
BHS,2014,BAHAMAS,146.0
BHS,2015,BAHAMAS,10.0
BHS,2016,BAHAMAS,82.0
BHS,2017,BAHAMAS,14.0
BHS,2018,BAHAMAS,10.0
BHS,2019,BAHAMAS,27.0
BHS,2020,BAHAMAS,3.0
BHS,2023,BAHAMAS,243.0
BLM,2009,SAINT BARTHELEMY,804.0
BLM,2011,SAINT BARTHELEMY,23.0
BLM,2012,SAINT BARTHELEMY,40.0
BLM,2013,SAINT BARTHELEMY,966.0
BLM,2014,SAINT BARTHELEMY,56.0
BLM,2015,SAINT BARTHELEMY,428.0
BLM,2016,SAINT BARTHELEMY,78.0
BLM,2017,SAINT BARTHELEMY,55.0
BLM,2019,SAINT BARTHELEMY,20.0
BLM,2020,SAINT BARTHELEMY,1616.0
BLM,2021,SAINT BARTHELEMY,70.0
BLM,2022,SAINT BARTHELEMY,93.0
BLM,2023,SAINT BARTHELEMY,762.0
BLM,2024,SAINT BARTHELEMY,173.0
BLZ,2000,BELIZE,4.0
BLZ,2001,BELIZE,3.0
BLZ,2002,BELIZE,41.0
BLZ,2004,BELIZE,2.0
BLZ,2005,BELIZE,380.0
BLZ,2006,BELIZE,9.0
BLZ,2007,BELIZE,40.0
BLZ,2008,BELIZE,23.0
BLZ,2009,BELIZE,1370.0
BLZ,2010,BELIZE,1885.0
BLZ,2011,BELIZE,466.0
BLZ,2012,BELIZE,1421.0
BLZ,2013,BELIZE,2690.0
BLZ,2014,BELIZE,4990.0
BLZ,2015,BELIZE,5691.0
BLZ,2016,BELIZE,4899.0
BLZ,2017,BELIZE,3054.0
BLZ,2018,BELIZE,2347.0
BLZ,2019,BELIZE,13410.0
BLZ,2020,BELIZE,2658.0
BLZ,2021,BELIZE,3104.0
BLZ,2022,BELIZE,5080.0
BLZ,2023,BELIZE,1705.0
BLZ,2024,BELIZE,1148.0
BMU,2005,BERMUDA,2.0
BMU,2006,BERMUDA,2.0
BMU,2010,BERMUDA,2.0
BMU,2011,BERMUDA,1.0
BMU,2013,BERMUDA,1.0
BMU,2014,BERMUDA,1.0
BMU,2016,BERMUDA,2.0
BMU,2019,BERMUDA,2.0
BMU,2023,BERMUDA,1.0
BMU,2024,BERMUDA,3.0
BOL,2000,BOLIVIA,73.0
BOL,2001,BOLIVIA,176.0
BOL,2002,BOLIVIA,891.0
BOL,2003,BOLIVIA,6501.0
BOL,2004,BOLIVIA,7365.0
BOL,2005,BOLIVIA,4433.0
BOL,2006,BOLIVIA,2039.0
BOL,2007,BOLIVIA,7223.0
BOL,2008,BOLIVIA,3178.0
BOL,2009,BOLIVIA,83849.0
BOL,2010,BOLIVIA,9918.0
BOL,2011,BOLIVIA,26633.0
BOL,2012,BOLIVIA,51694.0
BOL,2013,BOLIVIA,13050.0
BOL,2014,BOLIVIA,46508.0
BOL,2015,BOLIVIA,54198.0
BOL,2016,BOLIVIA,64772.0
BOL,2017,BOLIVIA,19990.0
BOL,2018,BOLIVIA,15320.0
BOL,2019,BOLIVIA,21567.0
BOL,2020,BOLIVIA,111347.0
BOL,2021,BOLIVIA,8947.0
BOL,2022,BOLIVIA,20007.0
BOL,2023,BOLIVIA,159713.0
BOL,2024,BOLIVIA,50439.0
BRA,2000,BRAZIL,231412.0
BRA,2001,BRAZIL,412388.0
BRA,2002,BRAZIL,778037.0
BRA,2003,BRAZIL,341189.0
BRA,2004,BRAZIL,112851.0
BRA,2005,BRAZIL,203356.0
BRA,2006,BRAZIL,345922.0
BRA,2007,BRAZIL,558413.0
BRA,2008,BRAZIL,724427.0
BRA,2009,BRAZIL,520660.0
BRA,2010,BRAZIL,994158.0
BRA,2011,BRAZIL,753487.0
BRA,2012,BRAZIL,597450.0
BRA,2013,BRAZIL,1473645.0
BRA,2014,BRAZIL,591080.0
BRA,2015,BRAZIL,1695323.0
BRA,2016,BRAZIL,2220482.0
BRA,2017,BRAZIL,512827.0
BRA,2018,BRAZIL,470269.0
BRA,2019,BRAZIL,2253883.0
BRA,2020,BRAZIL,1467142.0
BRA,2021,BRAZIL,975474.0
BRA,2022,BRAZIL,2363490.0
BRA,2023,BRAZIL,3147717.0
BRA,2024,BRAZIL,10267077.0
BRB,2000,BARBADOS,744.0
BRB,2001,BARBADOS,1029.0
BRB,2002,BARBADOS,740.0
BRB,2003,BARBADOS,557.0
BRB,2004,BARBADOS,349.0
BRB,2005,BARBADOS,320.0
BRB,2006,BARBADOS,1.0
BRB,2008,BARBADOS,1.0
BRB,2009,BARBADOS,55.0
BRB,2010,BARBADOS,2966.0
BRB,2011,BARBADOS,739.0
BRB,2012,BARBADOS,912.0
BRB,2013,BARBADOS,2848.0
BRB,2014,BARBADOS,2689.0
BRB,2015,BARBADOS,503.0
BRB,2016,BARBADOS,1732.0
BRB,2017,BARBADOS,597.0
BRB,2018,BARBADOS,69.0
BRB,2019,BARBADOS,125.0
BRB,2020,BARBADOS,1352.0
BRB,2021,BARBADOS,448.0
BRB,2022,BARBADOS,339.0
BRB,2023,BARBADOS,798.0
BRB,2024,BARBADOS,1133.0
BRN,2002,BRUNEI DARUSSALAM,26.0
BRN,2003,BRUNEI DARUSSALAM,160.0
BRN,2004,BRUNEI DARUSSALAM,36.0
BRN,2005,BRUNEI DARUSSALAM,68.0
BRN,2006,BRUNEI DARUSSALAM,68.0
BRN,2007,BRUNEI DARUSSALAM,18.0
BRN,2008,BRUNEI DARUSSALAM,32.0
BRN,2009,BRUNEI DARUSSALAM,33.0
BRN,2010,BRUNEI DARUSSALAM,299.0
BRN,2011,BRUNEI DARUSSALAM,25.0
BRN,2012,BRUNEI DARUSSALAM,290.0
BRN,2013,BRUNEI DARUSSALAM,2025.0
BRN,2014,BRUNEI DARUSSALAM,436.0
BRN,2015,BRUNEI DARUSSALAM,317.0
BRN,2016,BRUNEI DARUSSALAM,84.0
BRN,2017,BRUNEI DARUSSALAM,75.0
BTN,2004,BHUTAN,2579.0
BTN,2005,BHUTAN,19.0
BTN,2006,BHUTAN,480.0
BTN,2007,BHUTAN,86.0
BTN,2008,BHUTAN,73.0
BTN,2009,BHUTAN,351.0
BTN,2010,BHUTAN,874.0
BTN,2011,BHUTAN,712.0
BTN,2012,BHUTAN,1101.0
BTN,2013,BHUTAN,111.0
BTN,2016,BHUTAN,550.0
BTN,2017,BHUTAN,87.0
BTN,2018,BHUTAN,28.0
BTN,2019,BHUTAN,5480.0
BTN,2020,BHUTAN,16.0
BTN,2021,BHUTAN,5.0
BTN,2022,BHUTAN,123.0
BTN,2023,BHUTAN,626.0
BTN,2024,BHUTAN,156.0
CAF,2024,CENTRAL AFRICAN REPUBLIC,207.0
CHL,2002,CHILE,636.0
CHL,2006,CHILE,3.0
CHL,2007,CHILE,28.0
CHL,2008,CHILE,25.0
CHL,2009,CHILE,51.0
CHL,2010,CHILE,23.0
CHL,2011,CHILE,1.0
CHL,2012,CHILE,32.0
CHL,2013,CHILE,44.0
CHL,2014,CHILE,30.0
CHL,2015,CHILE,40.0
CHL,2016,CHILE,33.0
CHL,2017,CHILE,10.0
CHL,2018,CHILE,18.0
CHL,2019,CHILE,29.0
CHL,2020,CHILE,9.0
CHL,2024,CHILE,157.0
CHN,2000,CHINA,405.0
CHN,2001,CHINA,375.0
CHN,2002,CHINA,1606.0
CHN,2003,CHINA,93.0
CHN,2004,CHINA,247.0
CHN,2005,CHINA,40.0
CHN,2006,CHINA,1315.0
CHN,2007,CHINA,539.0
CHN,2008,CHINA,203.0
CHN,2009,CHINA,312.0
CHN,2010,CHINA,223.0
CHN,2011,CHINA,58.0
CHN,2012,CHINA,498.0
CHN,2013,CHINA,5277.0
CHN,2014,CHINA,47512.0
CHN,2015,CHINA,3858.0
CHN,2016,CHINA,2050.0
CHN,2017,CHINA,5893.0
CHN,2018,CHINA,5136.0
CHN,2019,CHINA,22317.0
CHN,2020,CHINA,558.0
CHN,2022,CHINA,487.0
CHN,2023,CHINA,19627.0
CHN,2024,CHINA,24330.0
CHN,2025,CHINA,100.0
CIV,2023,COTE D'IVOIRE,3922.0
CIV,2024,COTE D'IVOIRE,6134.0
CIV,2025,COTE D'IVOIRE,43.0
CMR,2024,CAMEROON,57.0
CMR,2025,CAMEROON,60.0
COK,2001,COOK ISLANDS,21.0
COK,2002,COOK ISLANDS,2256.0
COK,2003,COOK ISLANDS,1.0
COK,2004,COOK ISLANDS,4.0
COK,2006,COOK ISLANDS,468.0
COK,2007,COOK ISLANDS,1224.0
COK,2008,COOK ISLANDS,11.0
COK,2009,COOK ISLANDS,170.0
COK,2014,COOK ISLANDS,946.0
COK,2017,COOK ISLANDS,1.0
COK,2018,COOK ISLANDS,5.0
COK,2019,COOK ISLANDS,132.0
COK,2020,COOK ISLANDS,259.0
COK,2021,COOK ISLANDS,2.0
COK,2022,COOK ISLANDS,3.0
COL,2000,COLOMBIA,20956.0
COL,2001,COLOMBIA,48874.0
COL,2002,COLOMBIA,71727.0
COL,2003,COLOMBIA,55475.0
COL,2004,COLOMBIA,27014.0
COL,2005,COLOMBIA,40668.0
COL,2006,COLOMBIA,36829.0
COL,2007,COLOMBIA,41022.0
COL,2008,COLOMBIA,35784.0
COL,2009,COLOMBIA,51946.0
COL,2010,COLOMBIA,155255.0
COL,2011,COLOMBIA,31819.0
COL,2012,COLOMBIA,55179.0
COL,2013,COLOMBIA,126425.0
COL,2014,COLOMBIA,107975.0
COL,2015,COLOMBIA,96444.0
COL,2016,COLOMBIA,101016.0
COL,2017,COLOMBIA,25775.0
COL,2018,COLOMBIA,46037.0
COL,2019,COLOMBIA,127553.0
COL,2020,COLOMBIA,78979.0
COL,2021,COLOMBIA,53334.0
COL,2022,COLOMBIA,69497.0
COL,2023,COLOMBIA,135531.0
COL,2024,COLOMBIA,320982.0
CPV,2023,CABO VERDE,513.0
CPV,2024,CABO VERDE,25290.0
CPV,2025,CABO VERDE,529.0
CRI,2000,COSTA RICA,4908.0
CRI,2001,COSTA RICA,9464.0
CRI,2002,COSTA RICA,12251.0
CRI,2003,COSTA RICA,19703.0
CRI,2004,COSTA RICA,9408.0
CRI,2005,COSTA RICA,37798.0
CRI,2006,COSTA RICA,12052.0
CRI,2007,COSTA RICA,26504.0
CRI,2008,COSTA RICA,8212.0
CRI,2009,COSTA RICA,7214.0
CRI,2010,COSTA RICA,31484.0
CRI,2011,COSTA RICA,13838.0
CRI,2012,COSTA RICA,22243.0
CRI,2013,COSTA RICA,81942.0
CRI,2014,COSTA RICA,16742.0
CRI,2015,COSTA RICA,25852.0
CRI,2016,COSTA RICA,30700.0
CRI,2017,COSTA RICA,8340.0
CRI,2018,COSTA RICA,4530.0
CRI,2019,COSTA RICA,9472.0
CRI,2020,COSTA RICA,10056.0
CRI,2021,COSTA RICA,5174.0
CRI,2022,COSTA RICA,7485.0
CRI,2023,COSTA RICA,31565.0
CRI,2024,COSTA RICA,31259.0
CUB,2000,CUBA,138.0
CUB,2001,CUBA,11363.0
CUB,2002,CUBA,2999.0
CUB,2005,CUBA,75.0
CUB,2007,CUBA,28.0
CUB,2009,CUBA,70.0
CUB,2014,CUBA,2522.0
CUB,2015,CUBA,1691.0
CUB,2016,CUBA,1836.0
CUB,2017,CUBA,1248.0
CUB,2018,CUBA,2128.0
CUB,2019,CUBA,3259.0
CUB,2020,CUBA,1418.0
CUB,2021,CUBA,1160.0
CUB,2022,CUBA,3036.0
CUB,2024,CUBA,985.0
CUW,2000,CURACAO,10.0
CUW,2005,CURACAO,265.0
CUW,2010,CURACAO,1722.0
CUW,2011,CURACAO,1553.0
CUW,2012,CURACAO,524.0
CUW,2013,CURACAO,568.0
CUW,2014,CURACAO,194.0
CUW,2023,CURACAO,3.0
CUW,2024,CURACAO,262.0
CYM,2002,CAYMAN ISLANDS,1.0
CYM,2003,CAYMAN ISLANDS,1.0
CYM,2005,CAYMAN ISLANDS,1.0
CYM,2007,CAYMAN ISLANDS,9.0
CYM,2008,CAYMAN ISLANDS,1.0
CYM,2010,CAYMAN ISLANDS,8.0
CYM,2011,CAYMAN ISLANDS,2.0
CYM,2012,CAYMAN ISLANDS,53.0
CYM,2013,CAYMAN ISLANDS,69.0
CYM,2014,CAYMAN ISLANDS,124.0
CYM,2015,CAYMAN ISLANDS,40.0
CYM,2016,CAYMAN ISLANDS,150.0
CYM,2017,CAYMAN ISLANDS,31.0
CYM,2018,CAYMAN ISLANDS,29.0
CYM,2019,CAYMAN ISLANDS,133.0
CYM,2020,CAYMAN ISLANDS,35.0
CYM,2021,CAYMAN ISLANDS,1.0
CYM,2022,CAYMAN ISLANDS,2.0
CYM,2023,CAYMAN ISLANDS,42.0
CYM,2024,CAYMAN ISLANDS,9.0
DMA,2000,DOMINICA,15.0
DMA,2001,DOMINICA,5.0
DMA,2004,DOMINICA,4.0
DMA,2005,DOMINICA,7.0
DMA,2006,DOMINICA,19.0
DMA,2007,DOMINICA,110.0
DMA,2008,DOMINICA,80.0
DMA,2009,DOMINICA,2.0
DMA,2010,DOMINICA,633.0
DMA,2011,DOMINICA,40.0
DMA,2012,DOMINICA,3.0
DMA,2013,DOMINICA,197.0
DMA,2014,DOMINICA,189.0
DMA,2015,DOMINICA,38.0
DMA,2016,DOMINICA,351.0
DMA,2017,DOMINICA,33.0
DMA,2018,DOMINICA,45.0
DMA,2019,DOMINICA,1066.0
DMA,2020,DOMINICA,88.0
DMA,2021,DOMINICA,65.0
DMA,2022,DOMINICA,3.0
DMA,2023,DOMINICA,419.0
DOM,2000,DOMINICAN REPUBLIC,3404.0
DOM,2001,DOMINICAN REPUBLIC,3588.0
DOM,2002,DOMINICAN REPUBLIC,3118.0
DOM,2003,DOMINICAN REPUBLIC,5911.0
DOM,2004,DOMINICAN REPUBLIC,2340.0
DOM,2005,DOMINICAN REPUBLIC,2776.0
DOM,2006,DOMINICAN REPUBLIC,5913.0
DOM,2007,DOMINICAN REPUBLIC,9403.0
DOM,2008,DOMINICAN REPUBLIC,4150.0
DOM,2009,DOMINICAN REPUBLIC,7297.0
DOM,2010,DOMINICAN REPUBLIC,11060.0
DOM,2011,DOMINICAN REPUBLIC,2232.0
DOM,2012,DOMINICAN REPUBLIC,9549.0
DOM,2013,DOMINICAN REPUBLIC,16503.0
DOM,2014,DOMINICAN REPUBLIC,6274.0
DOM,2015,DOMINICAN REPUBLIC,17048.0
DOM,2016,DOMINICAN REPUBLIC,6645.0
DOM,2017,DOMINICAN REPUBLIC,1367.0
DOM,2018,DOMINICAN REPUBLIC,1602.0
DOM,2019,DOMINICAN REPUBLIC,20323.0
DOM,2020,DOMINICAN REPUBLIC,3964.0
DOM,2021,DOMINICAN REPUBLIC,3746.0
DOM,2022,DOMINICAN REPUBLIC,10784.0
DOM,2023,DOMINICAN REPUBLIC,28737.0
DOM,2024,DOMINICAN REPUBLIC,10251.0
ECU,2000,ECUADOR,22934.0
ECU,2001,ECUADOR,10864.0
ECU,2002,ECUADOR,5675.0
ECU,2003,ECUADOR,9903.0
ECU,2004,ECUADOR,6101.0
ECU,2005,ECUADOR,11797.0
ECU,2006,ECUADOR,5871.0
ECU,2007,ECUADOR,10253.0
ECU,2008,ECUADOR,1879.0
ECU,2009,ECUADOR,4400.0
ECU,2010,ECUADOR,17516.0
ECU,2011,ECUADOR,7567.0
ECU,2012,ECUADOR,19367.0
ECU,2013,ECUADOR,11662.0
ECU,2014,ECUADOR,15531.0
ECU,2015,ECUADOR,42473.0
ECU,2016,ECUADOR,14159.0
ECU,2017,ECUADOR,11429.0
ECU,2018,ECUADOR,3140.0
ECU,2019,ECUADOR,8480.0
ECU,2020,ECUADOR,19950.0
ECU,2021,ECUADOR,20829.0
ECU,2022,ECUADOR,16017.0
ECU,2023,ECUADOR,28313.0
ECU,2024,ECUADOR,61329.0
ERI,2024,ERITREA,14679.0
ERI,2025,ERITREA,18.0
ESP,2018,SPAIN,6.0
ESP,2019,SPAIN,2.0
ESP,2023,SPAIN,3.0
ESP,2024,SPAIN,10.0
ETH,2023,ETHIOPIA,25939.0
ETH,2024,ETHIOPIA,4016.0
ETH,2025,ETHIOPIA,254.0
FJI,2000,FIJI,14.0
FJI,2001,FIJI,3.0
FJI,2003,FIJI,16.0
FJI,2004,FIJI,2.0
FJI,2006,FIJI,25.0
FJI,2007,FIJI,100.0
FJI,2008,FIJI,1895.0
FJI,2009,FIJI,374.0
FJI,2010,FIJI,8.0
FJI,2011,FIJI,88.0
FJI,2012,FIJI,1777.0
FJI,2013,FIJI,355.0
FJI,2014,FIJI,5244.0
FJI,2015,FIJI,1244.0
FJI,2016,FIJI,800.0
FJI,2017,FIJI,3364.0
FJI,2018,FIJI,5190.0
FJI,2019,FIJI,2843.0
FJI,2020,FIJI,1817.0
FJI,2021,FIJI,929.0
FJI,2022,FIJI,8550.0
FJI,2023,FIJI,6357.0
FJI,2024,FIJI,6238.0
FRA,2010,FRANCE,2.0
FRA,2013,FRANCE,1.0
FRA,2014,FRANCE,4.0
FRA,2015,FRANCE,8.0
FRA,2018,FRANCE,8.0
FRA,2019,FRANCE,9.0
FRA,2020,FRANCE,13.0
FRA,2021,FRANCE,3.0
FRA,2022,FRANCE,60.0
FRA,2023,FRANCE,44.0
FRA,2024,FRANCE,85.0
FSM,2000,MICRONESIA (FEDERATED STATES OF),14.0
FSM,2004,MICRONESIA (FEDERATED STATES OF),658.0
FSM,2007,MICRONESIA (FEDERATED STATES OF),6.0
FSM,2008,MICRONESIA (FEDERATED STATES OF),10.0
FSM,2009,MICRONESIA (FEDERATED STATES OF),37.0
FSM,2010,MICRONESIA (FEDERATED STATES OF),23.0
FSM,2013,MICRONESIA (FEDERATED STATES OF),217.0
FSM,2016,MICRONESIA (FEDERATED STATES OF),90.0
FSM,2017,MICRONESIA (FEDERATED STATES OF),17.0
FSM,2018,MICRONESIA (FEDERATED STATES OF),35.0
FSM,2019,MICRONESIA (FEDERATED STATES OF),1464.0
FSM,2020,MICRONESIA (FEDERATED STATES OF),13.0
FSM,2021,MICRONESIA (FEDERATED STATES OF),15.0
FSM,2022,MICRONESIA (FEDERATED STATES OF),2732.0
FSM,2023,MICRONESIA (FEDERATED STATES OF),6.0
FSM,2024,MICRONESIA (FEDERATED STATES OF),61.0
GHA,2024,GHANA,1163.0
GHA,2025,GHANA,2.0
GIN,2024,GUINEA,2.0
GLP,2000,GUADELOUPE,59.0
GLP,2002,GUADELOUPE,93.0
GLP,2003,GUADELOUPE,495.0
GLP,2005,GUADELOUPE,3358.0
GLP,2006,GUADELOUPE,2942.0
GLP,2007,GUADELOUPE,3162.0
GLP,2008,GUADELOUPE,277.0
GLP,2009,GUADELOUPE,2233.0
GLP,2010,GUADELOUPE,40737.0
GLP,2011,GUADELOUPE,101.0
GLP,2012,GUADELOUPE,1088.0
GLP,2013,GUADELOUPE,12706.0
GLP,2014,GUADELOUPE,1397.0
GLP,2015,GUADELOUPE,201.0
GLP,2016,GUADELOUPE,177.0
GLP,2017,GUADELOUPE,540.0
GLP,2018,GUADELOUPE,438.0
GLP,2019,GUADELOUPE,3234.0
GLP,2020,GUADELOUPE,19407.0
GLP,2021,GUADELOUPE,540.0
GLP,2022,GUADELOUPE,790.0
GLP,2023,GUADELOUPE,12026.0
GLP,2024,GUADELOUPE,11025.0
GRD,2000,GRENADA,27.0
GRD,2001,GRENADA,12.0
GRD,2002,GRENADA,81.0
GRD,2003,GRENADA,17.0
GRD,2004,GRENADA,7.0
GRD,2006,GRENADA,22.0
GRD,2008,GRENADA,6.0
GRD,2009,GRENADA,23.0
GRD,2010,GRENADA,253.0
GRD,2011,GRENADA,125.0
GRD,2012,GRENADA,94.0
GRD,2013,GRENADA,228.0
GRD,2014,GRENADA,79.0
GRD,2015,GRENADA,25.0
GRD,2016,GRENADA,172.0
GRD,2017,GRENADA,244.0
GRD,2018,GRENADA,463.0
GRD,2019,GRENADA,106.0
GRD,2020,GRENADA,253.0
GRD,2021,GRENADA,230.0
GRD,2022,GRENADA,293.0
GRD,2023,GRENADA,642.0
GRD,2024,GRENADA,798.0
GTM,2000,GUATEMALA,8964.0
GTM,2001,GUATEMALA,4512.0
GTM,2002,GUATEMALA,7552.0
GTM,2003,GUATEMALA,6728.0
GTM,2004,GUATEMALA,6313.0
GTM,2005,GUATEMALA,6309.0
GTM,2006,GUATEMALA,2422.0
GTM,2007,GUATEMALA,5865.0
GTM,2008,GUATEMALA,3227.0
GTM,2009,GUATEMALA,10200.0
GTM,2010,GUATEMALA,16842.0
GTM,2011,GUATEMALA,2553.0
GTM,2012,GUATEMALA,9331.0
GTM,2013,GUATEMALA,11703.0
GTM,2014,GUATEMALA,19863.0
GTM,2015,GUATEMALA,18685.0
GTM,2016,GUATEMALA,9070.0
GTM,2017,GUATEMALA,4308.0
GTM,2018,GUATEMALA,7592.0
GTM,2019,GUATEMALA,50886.0
GTM,2020,GUATEMALA,6075.0
GTM,2021,GUATEMALA,2959.0
GTM,2022,GUATEMALA,8553.0
GTM,2023,GUATEMALA,73975.0
GTM,2024,GUATEMALA,188585.0
GUF,2000,FRENCH GUIANA,182.0
GUF,2001,FRENCH GUIANA,2830.0
GUF,2002,FRENCH GUIANA,280.0
GUF,2003,FRENCH GUIANA,2178.0
GUF,2004,FRENCH GUIANA,3147.0
GUF,2005,FRENCH GUIANA,4365.0
GUF,2006,FRENCH GUIANA,15904.0
GUF,2007,FRENCH GUIANA,661.0
GUF,2008,FRENCH GUIANA,460.0
GUF,2009,FRENCH GUIANA,11328.0
GUF,2010,FRENCH GUIANA,10488.0
GUF,2011,FRENCH GUIANA,663.0
GUF,2012,FRENCH GUIANA,662.0
GUF,2013,FRENCH GUIANA,16263.0
GUF,2014,FRENCH GUIANA,1180.0
GUF,2015,FRENCH GUIANA,2603.0
GUF,2016,FRENCH GUIANA,522.0
GUF,2017,FRENCH GUIANA,625.0
GUF,2018,FRENCH GUIANA,240.0
GUF,2019,FRENCH GUIANA,275.0
GUF,2020,FRENCH GUIANA,8759.0
GUF,2021,FRENCH GUIANA,1756.0
GUF,2023,FRENCH GUIANA,2684.0
GUF,2024,FRENCH GUIANA,16141.0
GUM,2000,GUAM,2.0
GUM,2003,GUAM,1.0
GUM,2004,GUAM,1.0
GUM,2006,GUAM,3.0
GUM,2007,GUAM,1.0
GUM,2010,GUAM,3.0
GUM,2019,GUAM,23.0
GUM,2022,GUAM,119.0
GUY,2000,GUYANA,19.0
GUY,2001,GUYANA,60.0
GUY,2002,GUYANA,200.0
GUY,2003,GUYANA,33.0
GUY,2004,GUYANA,47.0
GUY,2005,GUYANA,178.0
GUY,2006,GUYANA,118.0
GUY,2007,GUYANA,200.0
GUY,2008,GUYANA,324.0
GUY,2009,GUYANA,993.0
GUY,2010,GUYANA,1467.0
GUY,2011,GUYANA,1093.0
GUY,2012,GUYANA,2189.0
GUY,2013,GUYANA,1120.0
GUY,2014,GUYANA,863.0
GUY,2015,GUYANA,388.0
GUY,2016,GUYANA,303.0
GUY,2017,GUYANA,4.0
GUY,2018,GUYANA,286.0
GUY,2019,GUYANA,230.0
GUY,2020,GUYANA,1724.0
GUY,2021,GUYANA,4380.0
GUY,2022,GUYANA,11811.0
GUY,2023,GUYANA,28376.0
GUY,2024,GUYANA,46306.0
HKG,2002,HONG KONG,44.0
HKG,2003,HONG KONG,48.0
HKG,2004,HONG KONG,31.0
HKG,2005,HONG KONG,31.0
HKG,2006,HONG KONG,31.0
HKG,2007,HONG KONG,58.0
HKG,2008,HONG KONG,42.0
HKG,2009,HONG KONG,43.0
HKG,2010,HONG KONG,83.0
HKG,2011,HONG KONG,30.0
HKG,2013,HONG KONG,103.0
HKG,2014,HONG KONG,112.0
HKG,2015,HONG KONG,114.0
HKG,2016,HONG KONG,124.0
HKG,2017,HONG KONG,102.0
HKG,2018,HONG KONG,163.0
HKG,2019,HONG KONG,198.0
HKG,2020,HONG KONG,1.0
HKG,2024,HONG KONG,5.0
HND,2000,HONDURAS,13328.0
HND,2001,HONDURAS,8646.0
HND,2002,HONDURAS,31406.0
HND,2003,HONDURAS,16101.0
HND,2004,HONDURAS,17626.0
HND,2005,HONDURAS,17048.0
HND,2006,HONDURAS,7800.0
HND,2007,HONDURAS,29328.0
HND,2008,HONDURAS,16460.0
HND,2009,HONDURAS,14528.0
HND,2010,HONDURAS,63546.0
HND,2011,HONDURAS,7412.0
HND,2012,HONDURAS,15554.0
HND,2013,HONDURAS,39201.0
HND,2014,HONDURAS,42753.0
HND,2015,HONDURAS,44834.0
HND,2016,HONDURAS,22961.0
HND,2017,HONDURAS,5258.0
HND,2018,HONDURAS,8187.0
HND,2019,HONDURAS,132905.0
HND,2020,HONDURAS,25180.0
HND,2021,HONDURAS,19753.0
HND,2022,HONDURAS,25337.0
HND,2023,HONDURAS,34761.0
HND,2024,HONDURAS,177209.0
HTI,2012,HAITI,240.0
HTI,2015,HAITI,130.0
HTI,2017,HAITI,1.0
HTI,2018,HAITI,90.0
HTI,2019,HAITI,93.0
HTI,2020,HAITI,1783.0
HTI,2021,HAITI,6298.0
HTI,2022,HAITI,3316.0
IDN,2000,INDONESIA,33443.0
IDN,2001,INDONESIA,45904.0
IDN,2002,INDONESIA,40377.0
IDN,2003,INDONESIA,51934.0
IDN,2004,INDONESIA,79462.0
IDN,2005,INDONESIA,95279.0
IDN,2006,INDONESIA,114656.0
IDN,2007,INDONESIA,158115.0
IDN,2008,INDONESIA,155607.0
IDN,2009,INDONESIA,158912.0
IDN,2010,INDONESIA,156086.0
IDN,2011,INDONESIA,65725.0
IDN,2012,INDONESIA,90245.0
IDN,2013,INDONESIA,112511.0
IDN,2014,INDONESIA,100347.0
IDN,2015,INDONESIA,129689.0
IDN,2016,INDONESIA,204172.0
IDN,2017,INDONESIA,68407.0
IDN,2018,INDONESIA,65600.0
IDN,2019,INDONESIA,138131.0
IDN,2020,INDONESIA,108303.0
IDN,2021,INDONESIA,73518.0
IDN,2022,INDONESIA,143266.0
IDN,2023,INDONESIA,114720.0
IDN,2024,INDONESIA,210644.0
IND,2000,INDIA,650.0
IND,2001,INDIA,3306.0
IND,2002,INDIA,1926.0
IND,2003,INDIA,12754.0
IND,2004,INDIA,4153.0
IND,2005,INDIA,11985.0
IND,2006,INDIA,12317.0
IND,2007,INDIA,5530.0
IND,2008,INDIA,12540.0
IND,2009,INDIA,15535.0
IND,2010,INDIA,28292.0
IND,2011,INDIA,18860.0
IND,2012,INDIA,37070.0
IND,2013,INDIA,55153.0
IND,2014,INDIA,28933.0
IND,2015,INDIA,99913.0
IND,2016,INDIA,129166.0
IND,2017,INDIA,188401.0
IND,2018,INDIA,101192.0
IND,2019,INDIA,157315.0
IND,2020,INDIA,44585.0
IND,2021,INDIA,193245.0
IND,2022,INDIA,233251.0
IND,2023,INDIA,289235.0
IND,2024,INDIA,233519.0
IND,2025,INDIA,4700.0
ITA,2020,ITALY,11.0
ITA,2023,ITALY,82.0
ITA,2024,ITALY,213.0
JAM,2000,JAMAICA,25.0
JAM,2001,JAMAICA,39.0
JAM,2002,JAMAICA,90.0
JAM,2003,JAMAICA,52.0
JAM,2004,JAMAICA,9.0
JAM,2005,JAMAICA,46.0
JAM,2006,JAMAICA,79.0
JAM,2007,JAMAICA,1448.0
JAM,2008,JAMAICA,357.0
JAM,2009,JAMAICA,70.0
JAM,2010,JAMAICA,2887.0
JAM,2011,JAMAICA,404.0
JAM,2012,JAMAICA,4670.0
JAM,2013,JAMAICA,861.0
JAM,2014,JAMAICA,880.0
JAM,2015,JAMAICA,88.0
JAM,2016,JAMAICA,2297.0
JAM,2017,JAMAICA,219.0
JAM,2018,JAMAICA,1155.0
JAM,2019,JAMAICA,7555.0
JAM,2020,JAMAICA,898.0
JAM,2021,JAMAICA,96.0
JAM,2022,JAMAICA,100.0
JAM,2023,JAMAICA,8213.0
JAM,2024,JAMAICA,2034.0
JPN,2000,JAPAN,18.0
JPN,2001,JAPAN,50.0
JPN,2002,JAPAN,52.0
JPN,2003,JAPAN,32.0
JPN,2004,JAPAN,49.0
JPN,2005,JAPAN,74.0
JPN,2006,JAPAN,58.0
JPN,2007,JAPAN,89.0
JPN,2008,JAPAN,101.0
JPN,2009,JAPAN,92.0
JPN,2010,JAPAN,145.0
JPN,2013,JAPAN,249.0
JPN,2014,JAPAN,341.0
JPN,2015,JAPAN,293.0
JPN,2016,JAPAN,338.0
JPN,2017,JAPAN,245.0
JPN,2018,JAPAN,201.0
JPN,2019,JAPAN,463.0
KEN,2024,KENYA,4443.0
KEN,2025,KENYA,1528.0
KHM,2000,CAMBODIA,3148.0
KHM,2001,CAMBODIA,10569.0
KHM,2002,CAMBODIA,12471.0
KHM,2003,CAMBODIA,12081.0
KHM,2004,CAMBODIA,10049.0
KHM,2005,CAMBODIA,9042.0
KHM,2006,CAMBODIA,16669.0
KHM,2007,CAMBODIA,39851.0
KHM,2008,CAMBODIA,9823.0
KHM,2009,CAMBODIA,11699.0
KHM,2010,CAMBODIA,12500.0
KHM,2011,CAMBODIA,15980.0
KHM,2012,CAMBODIA,42352.0
KHM,2013,CAMBODIA,17533.0
KHM,2014,CAMBODIA,3717.0
KHM,2015,CAMBODIA,15412.0
KHM,2016,CAMBODIA,12843.0
KHM,2017,CAMBODIA,6372.0
KHM,2018,CAMBODIA,24684.0
KHM,2019,CAMBODIA,68597.0
KHM,2020,CAMBODIA,11792.0
KHM,2021,CAMBODIA,1903.0
KHM,2022,CAMBODIA,12741.0
KHM,2023,CAMBODIA,36206.0
KHM,2024,CAMBODIA,18983.0
KIR,2002,KIRIBATI,483.0
KIR,2003,KIRIBATI,1660.0
KIR,2008,KIRIBATI,831.0
KIR,2009,KIRIBATI,7.0
KIR,2010,KIRIBATI,20.0
KIR,2011,KIRIBATI,4.0
KIR,2017,KIRIBATI,40.0
KIR,2018,KIRIBATI,1899.0
KIR,2019,KIRIBATI,2.0
KIR,2021,KIRIBATI,2.0
KIR,2022,KIRIBATI,2662.0
KIR,2024,KIRIBATI,59.0
KNA,2000,SAINT KITTS AND NEVIS,5.0
KNA,2001,SAINT KITTS AND NEVIS,85.0
KNA,2002,SAINT KITTS AND NEVIS,20.0
KNA,2003,SAINT KITTS AND NEVIS,2.0
KNA,2004,SAINT KITTS AND NEVIS,4.0
KNA,2006,SAINT KITTS AND NEVIS,1.0
KNA,2008,SAINT KITTS AND NEVIS,49.0
KNA,2009,SAINT KITTS AND NEVIS,2.0
KNA,2010,SAINT KITTS AND NEVIS,19.0
KNA,2011,SAINT KITTS AND NEVIS,46.0
KNA,2012,SAINT KITTS AND NEVIS,2.0
KNA,2013,SAINT KITTS AND NEVIS,100.0
KNA,2014,SAINT KITTS AND NEVIS,75.0
KNA,2015,SAINT KITTS AND NEVIS,5.0
KNA,2016,SAINT KITTS AND NEVIS,136.0
KNA,2017,SAINT KITTS AND NEVIS,10.0
KNA,2018,SAINT KITTS AND NEVIS,6.0
KNA,2019,SAINT KITTS AND NEVIS,50.0
KNA,2020,SAINT KITTS AND NEVIS,20.0
KNA,2022,SAINT KITTS AND NEVIS,1.0
KNA,2023,SAINT KITTS AND NEVIS,316.0
KNA,2024,SAINT KITTS AND NEVIS,253.0
LAO,2000,LAO PEOPLE'S DEMOCRATIC REPUBLIC,1377.0
LAO,2001,LAO PEOPLE'S DEMOCRATIC REPUBLIC,3968.0
LAO,2002,LAO PEOPLE'S DEMOCRATIC REPUBLIC,9176.0
LAO,2003,LAO PEOPLE'S DEMOCRATIC REPUBLIC,17690.0
LAO,2004,LAO PEOPLE'S DEMOCRATIC REPUBLIC,3972.0
LAO,2005,LAO PEOPLE'S DEMOCRATIC REPUBLIC,6152.0
LAO,2006,LAO PEOPLE'S DEMOCRATIC REPUBLIC,7114.0
LAO,2007,LAO PEOPLE'S DEMOCRATIC REPUBLIC,5391.0
LAO,2008,LAO PEOPLE'S DEMOCRATIC REPUBLIC,4487.0
LAO,2009,LAO PEOPLE'S DEMOCRATIC REPUBLIC,7804.0
LAO,2010,LAO PEOPLE'S DEMOCRATIC REPUBLIC,22929.0
LAO,2011,LAO PEOPLE'S DEMOCRATIC REPUBLIC,3816.0
LAO,2012,LAO PEOPLE'S DEMOCRATIC REPUBLIC,10146.0
LAO,2013,LAO PEOPLE'S DEMOCRATIC REPUBLIC,44250.0
LAO,2014,LAO PEOPLE'S DEMOCRATIC REPUBLIC,1922.0
LAO,2015,LAO PEOPLE'S DEMOCRATIC REPUBLIC,1959.0
LAO,2016,LAO PEOPLE'S DEMOCRATIC REPUBLIC,5636.0
LAO,2017,LAO PEOPLE'S DEMOCRATIC REPUBLIC,11067.0
LAO,2018,LAO PEOPLE'S DEMOCRATIC REPUBLIC,6446.0
LAO,2019,LAO PEOPLE'S DEMOCRATIC REPUBLIC,39091.0
LAO,2020,LAO PEOPLE'S DEMOCRATIC REPUBLIC,7692.0
LAO,2021,LAO PEOPLE'S DEMOCRATIC REPUBLIC,1340.0
LAO,2022,LAO PEOPLE'S DEMOCRATIC REPUBLIC,29064.0
LAO,2023,LAO PEOPLE'S DEMOCRATIC REPUBLIC,32084.0
LAO,2024,LAO PEOPLE'S DEMOCRATIC REPUBLIC,19486.0
LAO,2025,LAO PEOPLE'S DEMOCRATIC REPUBLIC,556.0
LCA,2001,SAINT LUCIA,292.0
LCA,2002,SAINT LUCIA,51.0
LCA,2003,SAINT LUCIA,5.0
LCA,2004,SAINT LUCIA,11.0
LCA,2005,SAINT LUCIA,1.0
LCA,2006,SAINT LUCIA,30.0
LCA,2007,SAINT LUCIA,39.0
LCA,2008,SAINT LUCIA,98.0
LCA,2009,SAINT LUCIA,18.0
LCA,2010,SAINT LUCIA,74.0
LCA,2011,SAINT LUCIA,757.0
LCA,2012,SAINT LUCIA,10.0
LCA,2013,SAINT LUCIA,234.0
LCA,2014,SAINT LUCIA,167.0
LCA,2015,SAINT LUCIA,25.0
LCA,2016,SAINT LUCIA,196.0
LCA,2017,SAINT LUCIA,66.0
LCA,2018,SAINT LUCIA,90.0
LCA,2019,SAINT LUCIA,20.0
LCA,2020,SAINT LUCIA,1318.0
LCA,2021,SAINT LUCIA,39.0
LCA,2022,SAINT LUCIA,15.0
LCA,2023,SAINT LUCIA,60.0
LCA,2024,SAINT LUCIA,432.0
LKA,2000,SRI LANKA,3343.0
LKA,2001,SRI LANKA,4304.0
LKA,2002,SRI LANKA,8931.0
LKA,2003,SRI LANKA,4749.0
LKA,2004,SRI LANKA,15463.0
LKA,2005,SRI LANKA,5994.0
LKA,2006,SRI LANKA,11980.0
LKA,2007,SRI LANKA,7314.0
LKA,2008,SRI LANKA,6555.0
LKA,2009,SRI LANKA,35010.0
LKA,2010,SRI LANKA,33988.0
LKA,2011,SRI LANKA,27614.0
LKA,2012,SRI LANKA,43783.0
LKA,2013,SRI LANKA,30450.0
LKA,2014,SRI LANKA,45535.0
LKA,2015,SRI LANKA,27702.0
LKA,2016,SRI LANKA,50954.0
LKA,2017,SRI LANKA,176272.0
LKA,2018,SRI LANKA,51320.0
LKA,2019,SRI LANKA,96045.0
LKA,2020,SRI LANKA,32232.0
LKA,2021,SRI LANKA,36120.0
LKA,2022,SRI LANKA,76689.0
LKA,2023,SRI LANKA,88659.0
LKA,2024,SRI LANKA,33236.0
MAC,2001,MACAU,1418.0
MAC,2002,MACAU,2.0
MAC,2003,MACAU,28.0
MAC,2004,MACAU,2.0
MAC,2006,MACAU,6.0
MAC,2007,MACAU,14.0
MAC,2008,MACAU,3.0
MAC,2010,MACAU,6.0
MAC,2013,MACAU,9.0
MAC,2014,MACAU,17.0
MAC,2015,MACAU,3.0
MAC,2016,MACAU,11.0
MAC,2017,MACAU,17.0
MAC,2018,MACAU,18.0
MAF,2009,SAINT MARTIN,1698.0
MAF,2010,SAINT MARTIN,506.0
MAF,2011,SAINT MARTIN,168.0
MAF,2012,SAINT MARTIN,372.0
MAF,2013,SAINT MARTIN,3095.0
MAF,2014,SAINT MARTIN,404.0
MAF,2015,SAINT MARTIN,436.0
MAF,2016,SAINT MARTIN,350.0
MAF,2017,SAINT MARTIN,197.0
MAF,2018,SAINT MARTIN,105.0
MAF,2019,SAINT MARTIN,260.0
MAF,2020,SAINT MARTIN,2736.0
MAF,2021,SAINT MARTIN,172.0
MAF,2022,SAINT MARTIN,35.0
MAF,2023,SAINT MARTIN,1300.0
MAF,2024,SAINT MARTIN,624.0
MDV,2000,MALDIVES,180.0
MDV,2001,MALDIVES,73.0
MDV,2002,MALDIVES,27.0
MDV,2003,MALDIVES,38.0
MDV,2004,MALDIVES,742.0
MDV,2005,MALDIVES,1126.0
MDV,2006,MALDIVES,2777.0
MDV,2007,MALDIVES,1680.0
MDV,2008,MALDIVES,1824.0
MDV,2009,MALDIVES,845.0
MDV,2010,MALDIVES,1000.0
MDV,2011,MALDIVES,2909.0
MDV,2012,MALDIVES,1083.0
MDV,2013,MALDIVES,725.0
MDV,2014,MALDIVES,824.0
MDV,2015,MALDIVES,1890.0
MDV,2016,MALDIVES,1962.0
MDV,2017,MALDIVES,851.0
MDV,2018,MALDIVES,1838.0
MDV,2019,MALDIVES,2156.0
MDV,2020,MALDIVES,328.0
MDV,2022,MALDIVES,2700.0
MDV,2023,MALDIVES,3417.0
MDV,2024,MALDIVES,3294.0
MDV,2025,MALDIVES,220.0
MEX,2000,MEXICO,21665.0
MEX,2001,MEXICO,6019.0
MEX,2002,MEXICO,8415.0
MEX,2003,MEXICO,6234.0
MEX,2004,MEXICO,7983.0
MEX,2005,MEXICO,20912.0
MEX,2006,MEXICO,27335.0
MEX,2007,MEXICO,49119.0
MEX,2008,MEXICO,25040.0
MEX,2009,MEXICO,238389.0
MEX,2010,MEXICO,51635.0
MEX,2011,MEXICO,63628.0
MEX,2012,MEXICO,165749.0
MEX,2013,MEXICO,231498.0
MEX,2014,MEXICO,124943.0
MEX,2015,MEXICO,219593.0
MEX,2016,MEXICO,130069.0
MEX,2017,MEXICO,89961.0
MEX,2018,MEXICO,78642.0
MEX,2019,MEXICO,268494.0
MEX,2020,MEXICO,120639.0
MEX,2021,MEXICO,36742.0
MEX,2022,MEXICO,59918.0
MEX,2023,MEXICO,281615.0
MEX,2024,MEXICO,558846.0
MHL,2011,MARSHALL ISLANDS,1257.0
MHL,2019,MARSHALL ISLANDS,1635.0
MHL,2020,MARSHALL ISLANDS,990.0
MHL,2022,MARSHALL ISLANDS,510.0
MHL,2023,MARSHALL ISLANDS,1.0
MLI,2024,MALI,9556.0
MLI,2025,MALI,1296.0
MMR,2000,MYANMAR,1222.0
MMR,2001,MYANMAR,15503.0
MMR,2002,MYANMAR,15663.0
MMR,2003,MYANMAR,6792.0
MMR,2004,MYANMAR,6624.0
MMR,2005,MYANMAR,16965.0
MMR,2006,MYANMAR,10392.0
MMR,2007,MYANMAR,14658.0
MMR,2008,MYANMAR,17281.0
MMR,2009,MYANMAR,23681.0
MMR,2010,MYANMAR,15631.0
MMR,2011,MYANMAR,4297.0
MMR,2012,MYANMAR,7006.0
MMR,2013,MYANMAR,22166.0
MMR,2014,MYANMAR,14410.0
MMR,2015,MYANMAR,42540.0
MMR,2016,MYANMAR,10385.0
MMR,2017,MYANMAR,32891.0
MMR,2018,MYANMAR,22659.0
MMR,2019,MYANMAR,23203.0
MMR,2020,MYANMAR,15131.0
MMR,2021,MYANMAR,5446.0
MMR,2022,MYANMAR,24971.0
MMR,2023,MYANMAR,16130.0
MMR,2024,MYANMAR,6388.0
MMR,2025,MYANMAR,292.0
MNP,2001,NORTHERN MARIANA ISLANDS,1418.0
MNP,2019,NORTHERN MARIANA ISLANDS,4.0
MNP,2022,NORTHERN MARIANA ISLANDS,929.0
MNP,2024,NORTHERN MARIANA ISLANDS,1.0
MRT,2023,MAURITANIA,3582.0
MRT,2024,MAURITANIA,3640.0
MRT,2025,MAURITANIA,203.0
MSR,2000,MONTSERRAT,9.0
MSR,2001,MONTSERRAT,1.0
MSR,2002,MONTSERRAT,1.0
MSR,2003,MONTSERRAT,1.0
MSR,2008,MONTSERRAT,2.0
MSR,2011,MONTSERRAT,3.0
MSR,2013,MONTSERRAT,6.0
MSR,2014,MONTSERRAT,17.0
MSR,2016,MONTSERRAT,25.0
MSR,2018,MONTSERRAT,1.0
MSR,2019,MONTSERRAT,1.0
MSR,2021,MONTSERRAT,3.0
MSR,2022,MONTSERRAT,9.0
MSR,2023,MONTSERRAT,6.0
MSR,2024,MONTSERRAT,3.0
MTQ,2000,MARTINIQUE,171.0
MTQ,2001,MARTINIQUE,4468.0
MTQ,2002,MARTINIQUE,392.0
MTQ,2003,MARTINIQUE,791.0
MTQ,2005,MARTINIQUE,6080.0
MTQ,2006,MARTINIQUE,4085.0
MTQ,2007,MARTINIQUE,4918.0
MTQ,2008,MARTINIQUE,586.0
MTQ,2009,MARTINIQUE,1377.0
MTQ,2010,MARTINIQUE,36579.0
MTQ,2011,MARTINIQUE,275.0
MTQ,2012,MARTINIQUE,1511.0
MTQ,2013,MARTINIQUE,7040.0
MTQ,2014,MARTINIQUE,1680.0
MTQ,2015,MARTINIQUE,207.0
MTQ,2016,MARTINIQUE,158.0
MTQ,2017,MARTINIQUE,113.0
MTQ,2018,MARTINIQUE,85.0
MTQ,2019,MARTINIQUE,1530.0
MTQ,2020,MARTINIQUE,32398.0
MTQ,2021,MARTINIQUE,1073.0
MTQ,2022,MARTINIQUE,360.0
MTQ,2023,MARTINIQUE,13463.0
MTQ,2024,MARTINIQUE,7371.0
MUS,2023,MAURITIUS,13.0
MUS,2024,MAURITIUS,9917.0
MUS,2025,MAURITIUS,256.0
MYS,2000,MALAYSIA,8805.0
MYS,2001,MALAYSIA,16368.0
MYS,2002,MALAYSIA,32767.0
MYS,2003,MALAYSIA,31545.0
MYS,2004,MALAYSIA,33895.0
MYS,2005,MALAYSIA,39686.0
MYS,2006,MALAYSIA,38556.0
MYS,2007,MALAYSIA,48846.0
MYS,2008,MALAYSIA,49335.0
MYS,2009,MALAYSIA,41486.0
MYS,2010,MALAYSIA,46171.0
MYS,2011,MALAYSIA,20040.0
MYS,2012,MALAYSIA,23088.0
MYS,2013,MALAYSIA,43862.0
MYS,2014,MALAYSIA,108698.0
MYS,2015,MALAYSIA,121619.0
MYS,2016,MALAYSIA,109037.0
MYS,2017,MALAYSIA,89487.0
MYS,2018,MALAYSIA,83651.0
MYS,2019,MALAYSIA,130282.0
MYS,2020,MALAYSIA,87171.0
MYS,2021,MALAYSIA,26978.0
MYS,2022,MALAYSIA,65732.0
MYS,2023,MALAYSIA,123133.0
MYS,2024,MALAYSIA,122423.0
MYT,2024,MAYOTTE,64.0
NCL,2000,NEW CALEDONIA,15.0
NCL,2001,NEW CALEDONIA,34.0
NCL,2002,NEW CALEDONIA,105.0
NCL,2003,NEW CALEDONIA,5673.0
NCL,2004,NEW CALEDONIA,792.0
NCL,2005,NEW CALEDONIA,46.0
NCL,2006,NEW CALEDONIA,48.0
NCL,2007,NEW CALEDONIA,47.0
NCL,2008,NEW CALEDONIA,1179.0
NCL,2009,NEW CALEDONIA,8610.0
NCL,2010,NEW CALEDONIA,113.0
NCL,2011,NEW CALEDONIA,1.0
NCL,2012,NEW CALEDONIA,743.0
NCL,2013,NEW CALEDONIA,10667.0
NCL,2017,NEW CALEDONIA,4424.0
NCL,2018,NEW CALEDONIA,2041.0
NCL,2019,NEW CALEDONIA,3916.0
NCL,2020,NEW CALEDONIA,59.0
NCL,2021,NEW CALEDONIA,136.0
NCL,2022,NEW CALEDONIA,518.0
NCL,2023,NEW CALEDONIA,6.0
NCL,2024,NEW CALEDONIA,18.0
NER,2024,NIGER,58.0
NIC,2000,NICARAGUA,6681.0
NIC,2001,NICARAGUA,2333.0
NIC,2002,NICARAGUA,2269.0
NIC,2003,NICARAGUA,2715.0
NIC,2004,NICARAGUA,8332.0
NIC,2005,NICARAGUA,14678.0
NIC,2006,NICARAGUA,10617.0
NIC,2007,NICARAGUA,12278.0
NIC,2008,NICARAGUA,8666.0
NIC,2009,NICARAGUA,18063.0
NIC,2010,NICARAGUA,25174.0
NIC,2011,NICARAGUA,11881.0
NIC,2012,NICARAGUA,30878.0
NIC,2013,NICARAGUA,77179.0
NIC,2014,NICARAGUA,35425.0
NIC,2015,NICARAGUA,49326.0
NIC,2016,NICARAGUA,88463.0
NIC,2017,NICARAGUA,69472.0
NIC,2018,NICARAGUA,59315.0
NIC,2019,NICARAGUA,186405.0
NIC,2020,NICARAGUA,53953.0
NIC,2021,NICARAGUA,36741.0
NIC,2022,NICARAGUA,97541.0
NIC,2023,NICARAGUA,182642.0
NIC,2024,NICARAGUA,92022.0
NIU,2001,NIUE,1.0
NIU,2008,NIUE,3.0
NIU,2017,NIUE,9.0
NIU,2022,NIUE,12.0
NPL,2006,NEPAL,32.0
NPL,2007,NEPAL,27.0
NPL,2008,NEPAL,10.0
NPL,2009,NEPAL,30.0
NPL,2010,NEPAL,917.0
NPL,2011,NEPAL,79.0
NPL,2012,NEPAL,183.0
NPL,2013,NEPAL,642.0
NPL,2014,NEPAL,356.0
NPL,2015,NEPAL,26.0
NPL,2016,NEPAL,1523.0
NPL,2017,NEPAL,1201.0
NPL,2018,NEPAL,230.0
NPL,2019,NEPAL,12100.0
NPL,2020,NEPAL,630.0
NPL,2021,NEPAL,540.0
NPL,2022,NEPAL,54784.0
NPL,2023,NEPAL,52790.0
NPL,2024,NEPAL,41865.0
NPL,2025,NEPAL,736.0
NRU,2003,NAURU,233.0
NRU,2008,NAURU,2.0
NRU,2017,NAURU,964.0
NRU,2018,NAURU,114.0
OMN,2001,OMAN,1.0
OMN,2002,OMAN,1.0
OMN,2003,OMAN,4.0
OMN,2004,OMAN,4.0
OMN,2006,OMAN,2.0
OMN,2007,OMAN,1.0
OMN,2008,OMAN,2.0
OMN,2009,OMAN,3.0
OMN,2010,OMAN,10.0
OMN,2011,OMAN,12.0
OMN,2012,OMAN,14.0
OMN,2013,OMAN,10.0
OMN,2014,OMAN,13.0
OMN,2015,OMAN,32.0
OMN,2018,OMAN,64.0
OMN,2019,OMAN,109.0
OMN,2020,OMAN,310.0
OMN,2021,OMAN,24.0
OMN,2022,OMAN,1989.0
OMN,2023,OMAN,2711.0
PAK,2003,PAKISTAN,17.0
PAK,2004,PAKISTAN,25.0
PAK,2005,PAKISTAN,3940.0
PAK,2006,PAKISTAN,1931.0
PAK,2007,PAKISTAN,1199.0
PAK,2008,PAKISTAN,1795.0
PAK,2009,PAKISTAN,946.0
PAK,2010,PAKISTAN,9785.0
PAK,2011,PAKISTAN,24928.0
PAK,2012,PAKISTAN,3764.0
PAK,2013,PAKISTAN,28883.0
PAK,2014,PAKISTAN,4128.0
PAK,2015,PAKISTAN,13088.0
PAK,2016,PAKISTAN,9260.0
PAK,2017,PAKISTAN,25023.0
PAK,2018,PAKISTAN,6054.0
PAK,2019,PAKISTAN,48330.0
PAK,2020,PAKISTAN,45121.0
PAK,2021,PAKISTAN,53682.0
PAK,2022,PAKISTAN,78802.0
PAK,2023,PAKISTAN,6638.0
PAK,2024,PAKISTAN,58433.0
PAK,2025,PAKISTAN,2803.0
PAN,2000,PANAMA,314.0
PAN,2001,PANAMA,1538.0
PAN,2002,PANAMA,706.0
PAN,2003,PANAMA,293.0
PAN,2004,PANAMA,369.0
PAN,2005,PANAMA,3998.0
PAN,2006,PANAMA,4293.0
PAN,2007,PANAMA,3399.0
PAN,2008,PANAMA,2284.0
PAN,2009,PANAMA,6783.0
PAN,2010,PANAMA,1999.0
PAN,2011,PANAMA,3844.0
PAN,2012,PANAMA,1194.0
PAN,2013,PANAMA,4774.0
PAN,2014,PANAMA,5517.0
PAN,2015,PANAMA,4815.0
PAN,2016,PANAMA,9526.0
PAN,2017,PANAMA,10702.0
PAN,2018,PANAMA,7944.0
PAN,2019,PANAMA,9741.0
PAN,2020,PANAMA,3987.0
PAN,2021,PANAMA,3685.0
PAN,2022,PANAMA,11924.0
PAN,2023,PANAMA,21437.0
PAN,2024,PANAMA,37231.0
PER,2000,PERU,5885.0
PER,2001,PERU,23350.0
PER,2002,PERU,8862.0
PER,2003,PERU,3622.0
PER,2004,PERU,9739.0
PER,2005,PERU,6342.0
PER,2006,PERU,5527.0
PER,2007,PERU,6875.0
PER,2008,PERU,12763.0
PER,2009,PERU,13326.0
PER,2010,PERU,18484.0
PER,2011,PERU,31439.0
PER,2012,PERU,31302.0
PER,2013,PERU,14742.0
PER,2014,PERU,19043.0
PER,2015,PERU,35837.0
PER,2016,PERU,31868.0
PER,2017,PERU,76223.0
PER,2018,PERU,6935.0
PER,2019,PERU,17622.0
PER,2020,PERU,56394.0
PER,2021,PERU,49274.0
PER,2022,PERU,72851.0
PER,2023,PERU,275881.0
PER,2024,PERU,280726.0
PHL,2000,PHILIPPINES,8561.0
PHL,2001,PHILIPPINES,25002.0
PHL,2002,PHILIPPINES,16663.0
PHL,2003,PHILIPPINES,29946.0
PHL,2004,PHILIPPINES,23040.0
PHL,2005,PHILIPPINES,33901.0
PHL,2006,PHILIPPINES,37101.0
PHL,2007,PHILIPPINES,55639.0
PHL,2008,PHILIPPINES,39620.0
PHL,2009,PHILIPPINES,57819.0
PHL,2010,PHILIPPINES,135355.0
PHL,2011,PHILIPPINES,117418.0
PHL,2012,PHILIPPINES,67699.0
PHL,2013,PHILIPPINES,215139.0
PHL,2014,PHILIPPINES,113485.0
PHL,2015,PHILIPPINES,213930.0
PHL,2016,PHILIPPINES,220518.0
PHL,2017,PHILIPPINES,152224.0
PHL,2018,PHILIPPINES,216190.0
PHL,2019,PHILIPPINES,437563.0
PHL,2020,PHILIPPINES,88595.0
PHL,2021,PHILIPPINES,79592.0
PHL,2022,PHILIPPINES,220020.0
PHL,2023,PHILIPPINES,71474.0
PLW,2000,PALAU,1208.0
PLW,2001,PALAU,863.0
PLW,2002,PALAU,45.0
PLW,2003,PALAU,15.0
PLW,2004,PALAU,37.0
PLW,2006,PALAU,28.0
PLW,2007,PALAU,80.0
PLW,2008,PALAU,204.0
PLW,2009,PALAU,4.0
PLW,2010,PALAU,9.0
PLW,2011,PALAU,334.0
PLW,2013,PALAU,9.0
PLW,2014,PALAU,13.0
PLW,2017,PALAU,698.0
PLW,2018,PALAU,570.0
PLW,2019,PALAU,1347.0
PLW,2020,PALAU,63.0
PLW,2021,PALAU,5.0
PLW,2022,PALAU,122.0
PLW,2023,PALAU,4.0
PLW,2024,PALAU,4.0
PNG,2002,PAPUA NEW GUINEA,22.0
PNG,2009,PAPUA NEW GUINEA,28.0
PNG,2011,PAPUA NEW GUINEA,3.0
PNG,2014,PAPUA NEW GUINEA,6.0
PRI,2000,PUERTO RICO,2409.0
PRI,2001,PUERTO RICO,5197.0
PRI,2002,PUERTO RICO,2883.0
PRI,2003,PUERTO RICO,3730.0
PRI,2004,PUERTO RICO,3277.0
PRI,2005,PUERTO RICO,5682.0
PRI,2006,PUERTO RICO,3036.0
PRI,2007,PUERTO RICO,10964.0
PRI,2008,PUERTO RICO,3319.0
PRI,2009,PUERTO RICO,6588.0
PRI,2010,PUERTO RICO,21265.0
PRI,2011,PUERTO RICO,5623.0
PRI,2012,PUERTO RICO,11774.0
PRI,2013,PUERTO RICO,18164.0
PRI,2014,PUERTO RICO,8880.0
PRI,2015,PUERTO RICO,1867.0
PRI,2016,PUERTO RICO,168.0
PRI,2019,PUERTO RICO,47.0
PRI,2020,PUERTO RICO,914.0
PRI,2021,PUERTO RICO,636.0
PRI,2022,PUERTO RICO,1023.0
PRI,2023,PUERTO RICO,1292.0
PRI,2024,PUERTO RICO,6088.0
PRY,2000,PARAGUAY,24282.0
PRY,2001,PARAGUAY,38.0
PRY,2002,PARAGUAY,1871.0
PRY,2003,PARAGUAY,137.0
PRY,2004,PARAGUAY,164.0
PRY,2005,PARAGUAY,405.0
PRY,2006,PARAGUAY,4271.0
PRY,2007,PARAGUAY,28127.0
PRY,2008,PARAGUAY,1953.0
PRY,2009,PARAGUAY,6143.0
PRY,2010,PARAGUAY,13523.0
PRY,2011,PARAGUAY,42847.0
PRY,2012,PARAGUAY,39063.0
PRY,2013,PARAGUAY,144470.0
PRY,2014,PARAGUAY,10014.0
PRY,2015,PARAGUAY,68652.0
PRY,2016,PARAGUAY,70215.0
PRY,2017,PARAGUAY,2727.0
PRY,2018,PARAGUAY,32359.0
PRY,2019,PARAGUAY,16333.0
PRY,2020,PARAGUAY,223782.0
PRY,2021,PARAGUAY,16897.0
PRY,2022,PARAGUAY,7428.0
PRY,2023,PARAGUAY,79172.0
PRY,2024,PARAGUAY,295785.0
PYF,2000,FRENCH POLYNESIA,36.0
PYF,2001,FRENCH POLYNESIA,32800.0
PYF,2002,FRENCH POLYNESIA,230.0
PYF,2003,FRENCH POLYNESIA,47.0
PYF,2004,FRENCH POLYNESIA,59.0
PYF,2005,FRENCH POLYNESIA,50.0
PYF,2006,FRENCH POLYNESIA,818.0
PYF,2007,FRENCH POLYNESIA,1897.0
PYF,2008,FRENCH POLYNESIA,176.0
PYF,2009,FRENCH POLYNESIA,2479.0
PYF,2010,FRENCH POLYNESIA,250.0
PYF,2011,FRENCH POLYNESIA,12.0
PYF,2013,FRENCH POLYNESIA,1523.0
PYF,2014,FRENCH POLYNESIA,2155.0
PYF,2015,FRENCH POLYNESIA,1012.0
PYF,2017,FRENCH POLYNESIA,10.0
PYF,2018,FRENCH POLYNESIA,282.0
PYF,2019,FRENCH POLYNESIA,2400.0
PYF,2020,FRENCH POLYNESIA,242.0
PYF,2022,FRENCH POLYNESIA,198.0
PYF,2023,FRENCH POLYNESIA,10.0
PYF,2024,FRENCH POLYNESIA,147.0
REU,2024,REUNION,1227.0
REU,2025,REUNION,10.0
SAU,2000,SAUDI ARABIA,17.0
SAU,2001,SAUDI ARABIA,7.0
SAU,2002,SAUDI ARABIA,11.0
SAU,2006,SAUDI ARABIA,1544.0
SAU,2007,SAUDI ARABIA,490.0
SAU,2008,SAUDI ARABIA,913.0
SAU,2009,SAUDI ARABIA,3350.0
SAU,2010,SAUDI ARABIA,3526.0
SAU,2011,SAUDI ARABIA,3302.0
SAU,2012,SAUDI ARABIA,1749.0
SAU,2013,SAUDI ARABIA,6512.0
SAU,2014,SAUDI ARABIA,2081.0
SAU,2015,SAUDI ARABIA,4312.0
SAU,2016,SAUDI ARABIA,5428.0
SAU,2017,SAUDI ARABIA,3462.0
SAU,2018,SAUDI ARABIA,5345.0
SAU,2019,SAUDI ARABIA,2228.0
SAU,2020,SAUDI ARABIA,2375.0
SAU,2021,SAUDI ARABIA,3421.0
SAU,2022,SAUDI ARABIA,1470.0
SAU,2023,SAUDI ARABIA,15010.0
SAU,2024,SAUDI ARABIA,8193.0
SDN,2019,SUDAN,9268.0
SDN,2023,SUDAN,7347.0
SDN,2024,SUDAN,10560.0
SDN,2025,SUDAN,2186.0
SEN,2024,SENEGAL,1208.0
SEN,2025,SENEGAL,321.0
SGP,2000,SINGAPORE,673.0
SGP,2001,SINGAPORE,2379.0
SGP,2002,SINGAPORE,3947.0
SGP,2003,SINGAPORE,4788.0
SGP,2004,SINGAPORE,9459.0
SGP,2005,SINGAPORE,14209.0
SGP,2006,SINGAPORE,3136.0
SGP,2007,SINGAPORE,8826.0
SGP,2008,SINGAPORE,7032.0
SGP,2009,SINGAPORE,4523.0
SGP,2010,SINGAPORE,5392.0
SGP,2011,SINGAPORE,5266.0
SGP,2012,SINGAPORE,4734.0
SGP,2013,SINGAPORE,22405.0
SGP,2014,SINGAPORE,18326.0
SGP,2015,SINGAPORE,11294.0
SGP,2016,SINGAPORE,13110.0
SGP,2017,SINGAPORE,2838.0
SGP,2018,SINGAPORE,3283.0
SGP,2019,SINGAPORE,16007.0
SGP,2020,SINGAPORE,34959.0
SGP,2021,SINGAPORE,5245.0
SGP,2022,SINGAPORE,31853.0
SGP,2023,SINGAPORE,10243.0
SGP,2024,SINGAPORE,13655.0
SGP,2025,SINGAPORE,1126.0
SLB,2002,SOLOMON ISLANDS,30.0
SLB,2008,SOLOMON ISLANDS,3.0
SLB,2013,SOLOMON ISLANDS,9500.0
SLB,2016,SOLOMON ISLANDS,7840.0
SLB,2017,SOLOMON ISLANDS,513.0
SLB,2018,SOLOMON ISLANDS,409.0
SLB,2019,SOLOMON ISLANDS,365.0
SLB,2020,SOLOMON ISLANDS,105.0
SLB,2021,SOLOMON ISLANDS,159.0
SLB,2022,SOLOMON ISLANDS,9088.0
SLB,2023,SOLOMON ISLANDS,230.0
SLB,2024,SOLOMON ISLANDS,145.0
SLV,2000,EL SALVADOR,2837.0
SLV,2001,EL SALVADOR,1039.0
SLV,2002,EL SALVADOR,17902.0
SLV,2003,EL SALVADOR,7298.0
SLV,2004,EL SALVADOR,13190.0
SLV,2005,EL SALVADOR,15083.0
SLV,2006,EL SALVADOR,21843.0
SLV,2007,EL SALVADOR,12376.0
SLV,2008,EL SALVADOR,5774.0
SLV,2009,EL SALVADOR,14928.0
SLV,2010,EL SALVADOR,22221.0
SLV,2011,EL SALVADOR,20623.0
SLV,2012,EL SALVADOR,43163.0
SLV,2013,EL SALVADOR,28877.0
SLV,2014,EL SALVADOR,53460.0
SLV,2015,EL SALVADOR,50169.0
SLV,2016,EL SALVADOR,8789.0
SLV,2017,EL SALVADOR,4402.0
SLV,2018,EL SALVADOR,8448.0
SLV,2019,EL SALVADOR,27490.0
SLV,2020,EL SALVADOR,5450.0
SLV,2021,EL SALVADOR,5752.0
SLV,2022,EL SALVADOR,16542.0
SLV,2023,EL SALVADOR,5863.0
SLV,2024,EL SALVADOR,8552.0
STP,2023,SAO TOME AND PRINCIPE,2815.0
STP,2024,SAO TOME AND PRINCIPE,32.0
SUR,2000,SURINAME,1069.0
SUR,2001,SURINAME,748.0
SUR,2002,SURINAME,1081.0
SUR,2003,SURINAME,284.0
SUR,2004,SURINAME,368.0
SUR,2005,SURINAME,2712.0
SUR,2006,SURINAME,253.0
SUR,2007,SURINAME,41.0
SUR,2008,SURINAME,12.0
SUR,2009,SURINAME,120.0
SUR,2010,SURINAME,93.0
SUR,2011,SURINAME,386.0
SUR,2012,SURINAME,781.0
SUR,2013,SURINAME,21.0
SUR,2014,SURINAME,23.0
SUR,2015,SURINAME,15.0
SUR,2016,SURINAME,6.0
SUR,2017,SURINAME,7.0
SUR,2018,SURINAME,123.0
SUR,2019,SURINAME,98.0
SUR,2020,SURINAME,563.0
SUR,2021,SURINAME,10.0
SUR,2022,SURINAME,17.0
SUR,2023,SURINAME,287.0
SUR,2024,SURINAME,95.0
SXM,2014,SINT MAARTEN,31.0
SXM,2015,SINT MAARTEN,13.0
SXM,2016,SINT MAARTEN,11.0
SXM,2018,SINT MAARTEN,29.0
SXM,2019,SINT MAARTEN,8.0
SXM,2020,SINT MAARTEN,9.0
SXM,2023,SINT MAARTEN,10.0
SXM,2024,SINT MAARTEN,144.0
SYC,2023,SEYCHELLES,4614.0
SYC,2024,SEYCHELLES,2583.0
SYC,2025,SEYCHELLES,1.0
TCA,2003,TURKS AND CAICOS ISLANDS,2.0
TCA,2004,TURKS AND CAICOS ISLANDS,1.0
TCA,2005,TURKS AND CAICOS ISLANDS,1.0
TCA,2011,TURKS AND CAICOS ISLANDS,24.0
TCA,2012,TURKS AND CAICOS ISLANDS,14.0
TCA,2013,TURKS AND CAICOS ISLANDS,5.0
TCA,2014,TURKS AND CAICOS ISLANDS,252.0
TCA,2015,TURKS AND CAICOS ISLANDS,331.0
TCA,2016,TURKS AND CAICOS ISLANDS,484.0
TCA,2017,TURKS AND CAICOS ISLANDS,210.0
TCA,2018,TURKS AND CAICOS ISLANDS,2.0
TCA,2019,TURKS AND CAICOS ISLANDS,32.0
TCA,2020,TURKS AND CAICOS ISLANDS,142.0
TCA,2021,TURKS AND CAICOS ISLANDS,4.0
TCA,2022,TURKS AND CAICOS ISLANDS,3.0
TCA,2023,TURKS AND CAICOS ISLANDS,187.0
TCA,2024,TURKS AND CAICOS ISLANDS,117.0
TCD,2025,CHAD,11.0
TGO,2023,TOGO,55.0
THA,2000,THAILAND,18617.0
THA,2001,THAILAND,139327.0
THA,2002,THAILAND,114800.0
THA,2003,THAILAND,62767.0
THA,2004,THAILAND,38367.0
THA,2005,THAILAND,45893.0
THA,2006,THAILAND,42456.0
THA,2007,THAILAND,62949.0
THA,2008,THAILAND,89626.0
THA,2009,THAILAND,25194.0
THA,2010,THAILAND,53149.0
THA,2011,THAILAND,29759.0
THA,2012,THAILAND,39321.0
THA,2013,THAILAND,87502.0
THA,2014,THAILAND,23170.0
THA,2015,THAILAND,86953.0
THA,2016,THAILAND,38466.0
THA,2017,THAILAND,31843.0
THA,2018,THAILAND,87212.0
THA,2019,THAILAND,131157.0
THA,2020,THAILAND,72519.0
THA,2021,THAILAND,10617.0
THA,2022,THAILAND,46678.0
THA,2023,THAILAND,159219.0
THA,2024,THAILAND,104681.0
THA,2025,THAILAND,8721.0
TKL,2001,TOKELAU,4.0
TKL,2017,TOKELAU,5.0
TKL,2022,TOKELAU,3.0
TKL,2024,TOKELAU,4.0
TLS,2004,TIMOR-LESTE,434.0
TLS,2005,TIMOR-LESTE,1128.0
TLS,2006,TIMOR-LESTE,162.0
TLS,2007,TIMOR-LESTE,227.0
TLS,2008,TIMOR-LESTE,108.0
TLS,2009,TIMOR-LESTE,175.0
TLS,2010,TIMOR-LESTE,433.0
TLS,2011,TIMOR-LESTE,302.0
TLS,2012,TIMOR-LESTE,751.0
TLS,2013,TIMOR-LESTE,502.0
TLS,2014,TIMOR-LESTE,642.0
TLS,2020,TIMOR-LESTE,1451.0
TLS,2021,TIMOR-LESTE,901.0
TLS,2022,TIMOR-LESTE,5658.0
TLS,2023,TIMOR-LESTE,1953.0
TLS,2024,TIMOR-LESTE,1438.0
TON,2003,TONGA,80.0
TON,2004,TONGA,3.0
TON,2007,TONGA,62.0
TON,2008,TONGA,195.0
TON,2009,TONGA,273.0
TON,2010,TONGA,30.0
TON,2014,TONGA,51.0
TON,2015,TONGA,1559.0
TON,2017,TONGA,100.0
TON,2018,TONGA,381.0
TON,2019,TONGA,4.0
TON,2020,TONGA,1.0
TON,2022,TONGA,1230.0
TON,2023,TONGA,2.0
TON,2024,TONGA,14.0
TTO,2000,TRINIDAD AND TOBAGO,2017.0
TTO,2001,TRINIDAD AND TOBAGO,2158.0
TTO,2002,TRINIDAD AND TOBAGO,5973.0
TTO,2003,TRINIDAD AND TOBAGO,2209.0
TTO,2004,TRINIDAD AND TOBAGO,497.0
TTO,2005,TRINIDAD AND TOBAGO,411.0
TTO,2006,TRINIDAD AND TOBAGO,36.0
TTO,2007,TRINIDAD AND TOBAGO,47.0
TTO,2008,TRINIDAD AND TOBAGO,2358.0
TTO,2009,TRINIDAD AND TOBAGO,24.0
TTO,2010,TRINIDAD AND TOBAGO,4737.0
TTO,2011,TRINIDAD AND TOBAGO,1242.0
TTO,2014,TRINIDAD AND TOBAGO,148.0
TTO,2015,TRINIDAD AND TOBAGO,1687.0
TTO,2016,TRINIDAD AND TOBAGO,1801.0
TTO,2017,TRINIDAD AND TOBAGO,300.0
TTO,2018,TRINIDAD AND TOBAGO,123.0
TTO,2019,TRINIDAD AND TOBAGO,416.0
TTO,2020,TRINIDAD AND TOBAGO,59.0
TTO,2021,TRINIDAD AND TOBAGO,20.0
TTO,2022,TRINIDAD AND TOBAGO,52.0
TTO,2023,TRINIDAD AND TOBAGO,126.0
TTO,2024,TRINIDAD AND TOBAGO,2004.0
TUV,2019,TUVALU,522.0
TUV,2020,TUVALU,5.0
TUV,2022,TUVALU,93.0
TUV,2024,TUVALU,1.0
TWN,2000,TAIWAN,118.0
TWN,2001,TAIWAN,243.0
TWN,2002,TAIWAN,5113.0
TWN,2003,TAIWAN,85.0
TWN,2004,TAIWAN,335.0
TWN,2005,TAIWAN,193.0
TWN,2006,TAIWAN,962.0
TWN,2007,TAIWAN,1937.0
TWN,2008,TAIWAN,478.0
TWN,2009,TAIWAN,840.0
TWN,2010,TAIWAN,1534.0
TWN,2011,TAIWAN,1543.0
TWN,2012,TAIWAN,1274.0
TWN,2013,TAIWAN,596.0
TWN,2014,TAIWAN,15509.0
TWN,2015,TAIWAN,43467.0
TWN,2016,TAIWAN,381.0
TWN,2017,TAIWAN,10.0
TWN,2018,TAIWAN,183.0
TWN,2019,TAIWAN,100.0
TWN,2020,TAIWAN,73.0
TWN,2022,TAIWAN,20.0
TWN,2023,TAIWAN,26462.0
TWN,2024,TAIWAN,222.0
TZA,2024,UNITED REPUBLIC OF TANZANIA,34.0
TZA,2025,UNITED REPUBLIC OF TANZANIA,4.0
URY,2015,URUGUAY,13.0
URY,2016,URUGUAY,1769.0
URY,2020,URUGUAY,4.0
URY,2021,URUGUAY,52.0
URY,2022,URUGUAY,80.0
URY,2023,URUGUAY,48.0
URY,2024,URUGUAY,712.0
USA,2001,UNITED STATES OF AMERICA,96.0
USA,2002,UNITED STATES OF AMERICA,29.0
USA,2003,UNITED STATES OF AMERICA,40.0
USA,2006,UNITED STATES OF AMERICA,143.0
USA,2007,UNITED STATES OF AMERICA,488.0
USA,2009,UNITED STATES OF AMERICA,3.0
USA,2010,UNITED STATES OF AMERICA,65.0
USA,2011,UNITED STATES OF AMERICA,7.0
USA,2012,UNITED STATES OF AMERICA,186.0
USA,2013,UNITED STATES OF AMERICA,543.0
USA,2014,UNITED STATES OF AMERICA,668.0
USA,2015,UNITED STATES OF AMERICA,945.0
USA,2016,UNITED STATES OF AMERICA,990.0
USA,2017,UNITED STATES OF AMERICA,453.0
USA,2018,UNITED STATES OF AMERICA,331.0
USA,2019,UNITED STATES OF AMERICA,1158.0
USA,2020,UNITED STATES OF AMERICA,307.0
USA,2021,UNITED STATES OF AMERICA,114.0
USA,2022,UNITED STATES OF AMERICA,1156.0
USA,2023,UNITED STATES OF AMERICA,156.0
USA,2024,UNITED STATES OF AMERICA,3071.0
VCT,2000,SAINT VINCENT AND THE GRENADINES,5.0
VCT,2001,SAINT VINCENT AND THE GRENADINES,3.0
VCT,2002,SAINT VINCENT AND THE GRENADINES,123.0
VCT,2003,SAINT VINCENT AND THE GRENADINES,3.0
VCT,2004,SAINT VINCENT AND THE GRENADINES,4.0
VCT,2005,SAINT VINCENT AND THE GRENADINES,8.0
VCT,2006,SAINT VINCENT AND THE GRENADINES,5.0
VCT,2007,SAINT VINCENT AND THE GRENADINES,2.0
VCT,2008,SAINT VINCENT AND THE GRENADINES,6.0
VCT,2009,SAINT VINCENT AND THE GRENADINES,10.0
VCT,2010,SAINT VINCENT AND THE GRENADINES,217.0
VCT,2011,SAINT VINCENT AND THE GRENADINES,47.0
VCT,2012,SAINT VINCENT AND THE GRENADINES,91.0
VCT,2013,SAINT VINCENT AND THE GRENADINES,127.0
VCT,2014,SAINT VINCENT AND THE GRENADINES,117.0
VCT,2015,SAINT VINCENT AND THE GRENADINES,13.0
VCT,2016,SAINT VINCENT AND THE GRENADINES,89.0
VCT,2017,SAINT VINCENT AND THE GRENADINES,3.0
VCT,2018,SAINT VINCENT AND THE GRENADINES,4.0
VCT,2019,SAINT VINCENT AND THE GRENADINES,11.0
VCT,2020,SAINT VINCENT AND THE GRENADINES,1603.0
VCT,2021,SAINT VINCENT AND THE GRENADINES,152.0
VCT,2022,SAINT VINCENT AND THE GRENADINES,25.0
VCT,2023,SAINT VINCENT AND THE GRENADINES,17.0
VCT,2024,SAINT VINCENT AND THE GRENADINES,971.0
VEN,2000,VENEZUELA,21039.0
VEN,2001,VENEZUELA,82620.0
VEN,2002,VENEZUELA,37507.0
VEN,2003,VENEZUELA,26771.0
VEN,2004,VENEZUELA,29777.0
VEN,2005,VENEZUELA,39517.0
VEN,2006,VENEZUELA,37384.0
VEN,2007,VENEZUELA,74185.0
VEN,2008,VENEZUELA,44399.0
VEN,2009,VENEZUELA,60720.0
VEN,2010,VENEZUELA,113764.0
VEN,2011,VENEZUELA,30135.0
VEN,2012,VENEZUELA,49502.0
VEN,2013,VENEZUELA,63726.0
VEN,2014,VENEZUELA,87529.0
VEN,2015,VENEZUELA,54152.0
VEN,2016,VENEZUELA,29268.0
VEN,2017,VENEZUELA,8688.0
VEN,2018,VENEZUELA,19226.0
VEN,2019,VENEZUELA,16015.0
VEN,2020,VENEZUELA,6721.0
VEN,2021,VENEZUELA,5926.0
VEN,2022,VENEZUELA,11409.0
VEN,2023,VENEZUELA,4809.0
VGB,2000,VIRGIN ISLANDS (UK),3.0
VGB,2001,VIRGIN ISLANDS (UK),23.0
VGB,2007,VIRGIN ISLANDS (UK),6.0
VGB,2008,VIRGIN ISLANDS (UK),15.0
VGB,2009,VIRGIN ISLANDS (UK),65.0
VGB,2010,VIRGIN ISLANDS (UK),9.0
VGB,2011,VIRGIN ISLANDS (UK),939.0
VGB,2012,VIRGIN ISLANDS (UK),12.0
VGB,2013,VIRGIN ISLANDS (UK),223.0
VGB,2014,VIRGIN ISLANDS (UK),239.0
VGB,2015,VIRGIN ISLANDS (UK),103.0
VGB,2016,VIRGIN ISLANDS (UK),100.0
VGB,2017,VIRGIN ISLANDS (UK),67.0
VGB,2018,VIRGIN ISLANDS (UK),60.0
VGB,2019,VIRGIN ISLANDS (UK),79.0
VGB,2020,VIRGIN ISLANDS (UK),44.0
VGB,2021,VIRGIN ISLANDS (UK),14.0
VGB,2022,VIRGIN ISLANDS (UK),27.0
VGB,2023,VIRGIN ISLANDS (UK),7.0
VGB,2024,VIRGIN ISLANDS (UK),139.0
VIR,2007,VIRGIN ISLANDS (US),73.0
VIR,2012,VIRGIN ISLANDS (US),4.0
VIR,2014,VIRGIN ISLANDS (US),19.0
VIR,2015,VIRGIN ISLANDS (US),3.0
VIR,2016,VIRGIN ISLANDS (US),11.0
VIR,2017,VIRGIN ISLANDS (US),1.0
VIR,2024,VIRGIN ISLANDS (US),185.0
VNM,2000,VIET NAM,25269.0
VNM,2001,VIET NAM,42878.0
VNM,2002,VIET NAM,31760.0
VNM,2003,VIET NAM,49751.0
VNM,2004,VIET NAM,78692.0
VNM,2005,VIET NAM,57080.0
VNM,2006,VIET NAM,68792.0
VNM,2007,VIET NAM,104553.0
VNM,2008,VIET NAM,96451.0
VNM,2009,VIET NAM,105370.0
VNM,2010,VIET NAM,128831.0
VNM,2011,VIET NAM,40998.0
VNM,2012,VIET NAM,82838.0
VNM,2013,VIET NAM,66322.0
VNM,2014,VIET NAM,31848.0
VNM,2015,VIET NAM,97484.0
VNM,2016,VIET NAM,109649.0
VNM,2017,VIET NAM,172232.0
VNM,2018,VIET NAM,131447.0
VNM,2019,VIET NAM,320702.0
VNM,2020,VIET NAM,137470.0
VNM,2021,VIET NAM,68268.0
VNM,2022,VIET NAM,367729.0
VNM,2023,VIET NAM,139048.0
VNM,2024,VIET NAM,108433.0
VNM,2025,VIET NAM,17126.0
VUT,2001,VANUATU,20.0
VUT,2002,VANUATU,15.0
VUT,2003,VANUATU,122.0
VUT,2004,VANUATU,26.0
VUT,2005,VANUATU,2.0
VUT,2006,VANUATU,168.0
VUT,2007,VANUATU,82.0
VUT,2008,VANUATU,96.0
VUT,2009,VANUATU,45.0
VUT,2010,VANUATU,105.0
VUT,2011,VANUATU,33.0
VUT,2017,VANUATU,276.0
VUT,2018,VANUATU,147.0
VUT,2019,VANUATU,53.0
VUT,2020,VANUATU,16.0
VUT,2021,VANUATU,44.0
VUT,2022,VANUATU,2382.0
VUT,2023,VANUATU,37.0
VUT,2024,VANUATU,138.0
WLF,2003,WALLIS AND FUTUNA,2447.0
WLF,2004,WALLIS AND FUTUNA,41.0
WLF,2009,WALLIS AND FUTUNA,13.0
WLF,2013,WALLIS AND FUTUNA,94.0
WLF,2017,WALLIS AND FUTUNA,222.0
WLF,2018,WALLIS AND FUTUNA,202.0
WLF,2019,WALLIS AND FUTUNA,45.0
WLF,2020,WALLIS AND FUTUNA,143.0
WLF,2021,WALLIS AND FUTUNA,90.0
WLF,2022,WALLIS AND FUTUNA,1297.0
WLF,2023,WALLIS AND FUTUNA,33.0
WLF,2024,WALLIS AND FUTUNA,78.0
WSM,2000,SAMOA,200.0
WSM,2001,SAMOA,163.0
WSM,2002,SAMOA,2.0
WSM,2004,SAMOA,1.0
WSM,2005,SAMOA,2.0
WSM,2006,SAMOA,29.0
WSM,2007,SAMOA,23.0
WSM,2008,SAMOA,677.0
WSM,2017,SAMOA,2724.0
WSM,2018,SAMOA,193.0
WSM,2019,SAMOA,202.0
WSM,2020,SAMOA,3.0
WSM,2021,SAMOA,15.0
WSM,2022,SAMOA,14287.0
WSM,2023,SAMOA,56.0
WSM,2024,SAMOA,473.0
YEM,2015,YEMEN,6777.0
YEM,2016,YEMEN,27724.0
YEM,2017,YEMEN,212.0
YEM,2018,YEMEN,28255.0
YEM,2019,YEMEN,81600.0
YEM,2020,YEMEN,62028.0
YEM,2021,YEMEN,7324.0
YEM,2022,YEMEN,24545.0
YEM,2023,YEMEN,21302.0
YEM,2024,YEMEN,4017.0
